{"current_episode": 9, "total_episodes": 10, "agents": {"CONTROL": {"episodes": [1, 2, 3, 4, 5, 6, 7, 8, 9], "rewards": [1.0, 2.0, 3.0, 4.0, 5.0, 6.0, 7.0, 8.0, 9.0], "blocking": [0.0, 0.0, 0.0, 0.0, 0.0, 0.0, 0.0, 0.0, 0.0], "spectral_efficiency": [0.5830903790087464, 0.7774538386783284, 0.2915451895043732, 3.8872691933916426, 1.5549076773566568, 0.2915451895043732, 1.9436345966958213, 0.24295432458697766, 0.3887269193391642], "qot": [0.8, 0.8, 0.8, 0.8, 0.8, 0.8, 0.8, 0.8, 0.8], "latency": [66.62452899763593, 33.796509000239894, 22.849389334927157, 17.368042001180584, 14.11434980109334, 11.935816333182933, 10.38784271492789, 9.19787825023377, 8.28865444459047]}, "ULTHO": {"episodes": [1, 2, 3, 4, 5, 6, 7, 8, 9], "rewards": [1.0, 2.0, 3.0, 4.0, 5.0, 6.0, 7.0, 8.0, 9.0], "blocking": [0.0, 0.0, 0.0, 0.0, 0.0, 0.0, 0.0, 0.0, 0.0], "spectral_efficiency": [0.5830903790087464, 1.5549076773566568, 0.2915451895043732, 1.5549076773566568, 0.7774538386783284, 0.1943634596695821, 1.1661807580174928, 0.09718172983479105, 0.2915451895043732], "qot": [0.8, 0.8, 0.8, 0.8, 0.8, 0.8, 0.8, 0.8, 0.8], "latency": [4.966342996340245, 3.5360984984436072, 3.042472332405547, 2.6626114995451644, 2.4686517994268797, 2.3659896663351296, 2.2361679990094023, 2.157720124159823, 2.1815001107622973]}, "HYPERQ-OPT": {"episodes": [1, 2, 3, 4, 5, 6, 7, 8, 9], "rewards": [1.0, 2.0, 1.0, 2.0, 3.0, 2.0, 3.0, 4.0, 3.0], "blocking": [0.0, 0.0, 100.0, 0.0, 0.0, 100.0, 0.0, 0.0, 100.0], "spectral_efficiency": [0.2915451895043732, 0.7774538386783284, 0.0, 0.7774538386783284, 0.3887269193391642, 0.0, 0.5830903790087464, 0.048590864917395525, 0.0], "qot": [0.8, 0.8, 0.0, 0.8, 0.8, 0.0, 0.8, 0.8, 0.0], "latency": [3.2905020052567124, 2.2061465024307836, 1.9741803359162684, 2.027806751357275, 1.9530418008798733, 1.887053499861698, 1.7831977144981335, 2.055298125014815, 1.9923624446770798]}, "BOHAMIANN": {"episodes": [1, 2, 3, 4, 5, 6, 7, 8, 9], "rewards": [1.0, 2.0, 3.0, 4.0, 5.0, 6.0, 7.0, 8.0, 9.0], "blocking": [0.0, 0.0, 0.0, 0.0, 0.0, 0.0, 0.0, 0.0, 0.0], "spectral_efficiency": [0.5830903790087464, 1.5549076773566568, 0.2915451895043732, 1.5549076773566568, 0.7774538386783284, 0.1943634596695821, 1.1661807580174928, 0.09718172983479105, 0.2915451895043732], "qot": [0.8, 0.8, 0.8, 0.8, 0.8, 0.8, 0.8, 0.8, 0.8], "latency": [5.918209993978962, 3.614390498114517, 2.9848996637156233, 2.6560809983493527, 2.4196089987526648, 2.2654413332929835, 2.1726921425267522, 2.0953778739567497, 2.0435944437243356]}, "DEEPRMSA-QOT": {"episodes": [1, 2, 3, 4, 5, 6, 7, 8, 9], "rewards": [1.0, 2.0, 3.0, 4.0, 5.0, 6.0, 7.0, 8.0, 9.0], "blocking": [0.0, 0.0, 0.0, 0.0, 0.0, 0.0, 0.0, 0.0, 0.0], "spectral_efficiency": [0.5830903790087464, 1.5549076773566568, 0.2915451895043732, 1.5549076773566568, 0.7774538386783284, 0.1943634596695821, 1.1661807580174928, 0.09718172983479105, 0.2915451895043732], "qot": [0.8, 0.8, 0.8, 0.8, 0.8, 0.8, 0.8, 0.8, 0.8], "latency": [3.2592830029898323, 2.2423590016842354, 6.1920116665229825, 4.928943750201142, 4.238653401262127, 3.754271501141678, 3.3973892859648913, 3.165931500006991, 2.9928930000298553]}, "META-LEARNING": {"episodes": [1, 2, 3, 4, 5, 6, 7, 8, 9], "rewards": [1.0, 2.0, 3.0, 4.0, 5.0, 6.0, 7.0, 8.0, 9.0], "blocking": [0.0, 0.0, 0.0, 0.0, 0.0, 0.0, 0.0, 0.0, 0.0], "spectral_efficiency": [0.5830903790087464, 1.5549076773566568, 0.2915451895043732, 1.5549076773566568, 0.7774538386783284, 0.1943634596695821, 1.1661807580174928, 0.09718172983479105, 0.2915451895043732], "qot": [0.8, 0.8, 0.8, 0.8, 0.8, 0.8, 0.8, 0.8, 0.8], "latency": [27.180201002920512, 14.392716500879033, 10.205138334034322, 8.292569751574774, 6.963357601489406, 6.077926000822724, 5.436196000248726, 5.066801750217564, 4.753459777728292]}}}